<?xml version="1.0" encoding="UTF-8"?>
<project xmlns="http://maven.apache.org/POM/4.0.0" xmlns:xsi="http://www.w3.org/2001/XMLSchema-instance" xsi:schemaLocation="http://maven.apache.org/POM/4.0.0 http://maven.apache.org/maven-v4_0_0.xsd">
  <parent>
    <artifactId>spring-boot-starter-parent</artifactId>
    <groupId>org.springframework.boot</groupId>
    <version>3.0.0</version>
    <relativePath>pom.xml</relativePath>
  </parent>
  <modelVersion>4.0.0</modelVersion>
  <groupId>com.flyspring</groupId>
  <artifactId>autoroute-spring-boot-starter</artifactId>
  <name>autoroute</name>
  <version>0.1.1-SNAPSHOT</version>
  <description>AutoRoute java functions to routes</description>
  <build>
    <plugins>
      <plugin>
        <artifactId>maven-shade-plugin</artifactId>
        <version>3.4.1</version>
        <executions>
          <execution>
            <phase>package</phase>
            <goals>
              <goal>shade</goal>
            </goals>
          </execution>
        </executions>
        <configuration />
      </plugin>
    </plugins>
  </build>
  <profiles>
    <profile>
      <id>gofly</id>
      <build>
        <plugins>
          <plugin>
            <artifactId>maven-antrun-plugin</artifactId>
            <version>3.1.0</version>
            <executions>
              <execution>
                <phase>package</phase>
                <goals>
                  <goal>run</goal>
                </goals>
                <configuration>
                  <target>
                    <copy />
                  </target>
                </configuration>
              </execution>
            </executions>
          </plugin>
        </plugins>
      </build>
    </profile>
  </profiles>
  <dependencies>
    <dependency>
      <groupId>org.junit.jupiter</groupId>
      <artifactId>junit-jupiter-api</artifactId>
      <version>5.9.2</version>
      <scope>test</scope>
      <exclusions>
        <exclusion>
          <artifactId>opentest4j</artifactId>
          <groupId>org.opentest4j</groupId>
        </exclusion>
        <exclusion>
          <artifactId>junit-platform-commons</artifactId>
          <groupId>org.junit.platform</groupId>
        </exclusion>
        <exclusion>
          <artifactId>apiguardian-api</artifactId>
          <groupId>org.apiguardian</groupId>
        </exclusion>
      </exclusions>
    </dependency>
    <dependency>
      <groupId>org.mockito</groupId>
      <artifactId>mockito-junit-jupiter</artifactId>
      <version>5.3.0</version>
      <scope>test</scope>
      <exclusions>
        <exclusion>
          <artifactId>mockito-core</artifactId>
          <groupId>org.mockito</groupId>
        </exclusion>
      </exclusions>
    </dependency>
    <dependency>
      <groupId>junit</groupId>
      <artifactId>junit</artifactId>
      <version>4.4</version>
      <scope>test</scope>
    </dependency>
    <dependency>
      <groupId>org.springframework</groupId>
      <artifactId>spring-mock</artifactId>
      <version>2.0.8</version>
      <scope>test</scope>
    </dependency>
    <dependency>
      <groupId>commons-io</groupId>
      <artifactId>commons-io</artifactId>
      <version>2.6</version>
      <scope>provided</scope>
    </dependency>
    <dependency>
      <groupId>org.springframework.boot</groupId>
      <artifactId>spring-boot-starter-webflux</artifactId>
      <version>3.0.5</version>
      <scope>provided</scope>
    </dependency>
    <dependency>
      <groupId>org.reflections</groupId>
      <artifactId>reflections</artifactId>
      <version>0.9.12</version>
      <scope>provided</scope>
    </dependency>
    <dependency>
      <groupId>org.springframework.boot</groupId>
      <artifactId>spring-boot-starter-oauth2-resource-server</artifactId>
      <version>3.0.0</version>
      <scope>provided</scope>
    </dependency>
    <dependency>
      <groupId>org.springframework.security</groupId>
      <artifactId>spring-security-oauth2-jose</artifactId>
      <version>6.0.0</version>
      <scope>provided</scope>
    </dependency>
    <dependency>
      <groupId>org.glowroot</groupId>
      <artifactId>glowroot-agent-api</artifactId>
      <version>0.13.6</version>
      <scope>provided</scope>
    </dependency>
    <dependency>
      <groupId>org.projectlombok</groupId>
      <artifactId>lombok</artifactId>
      <version>1.18.24</version>
      <scope>provided</scope>
      <optional>true</optional>
    </dependency>
    <dependency>
      <groupId>io.reactivex.rxjava3</groupId>
      <artifactId>rxjava</artifactId>
      <version>3.1.6</version>
      <scope>provided</scope>
    </dependency>
    <dependency>
      <groupId>io.reactivex</groupId>
      <artifactId>rxjava-reactive-streams</artifactId>
      <version>1.2.1</version>
      <scope>provided</scope>
    </dependency>
    <dependency>
      <groupId>io.projectreactor.addons</groupId>
      <artifactId>reactor-adapter</artifactId>
      <version>3.5.1</version>
      <scope>provided</scope>
    </dependency>
    <dependency>
      <groupId>org.apache.pdfbox</groupId>
      <artifactId>pdfbox</artifactId>
      <version>2.0.28</version>
      <scope>provided</scope>
    </dependency>
    <dependency>
      <groupId>com.squareup.okhttp3</groupId>
      <artifactId>okhttp</artifactId>
      <version>4.10.0</version>
      <scope>provided</scope>
    </dependency>
    <dependency>
      <groupId>commons-fileupload</groupId>
      <artifactId>commons-fileupload</artifactId>
      <version>1.5</version>
      <scope>provided</scope>
    </dependency>
    <dependency>
      <groupId>me.xuender</groupId>
      <artifactId>unidecode</artifactId>
      <version>0.0.7</version>
      <scope>provided</scope>
    </dependency>
    <dependency>
      <groupId>org.apache.tika</groupId>
      <artifactId>tika-core</artifactId>
      <version>2.7.0</version>
      <scope>provided</scope>
    </dependency>
    <dependency>
      <groupId>org.apache.tika</groupId>
      <artifactId>tika-parsers-standard-package</artifactId>
      <version>2.7.0</version>
      <scope>provided</scope>
    </dependency>
  </dependencies>
  <properties>
    <maven.compiler.target>17</maven.compiler.target>
    <maven.compiler.source>17</maven.compiler.source>
  </properties>
</project>
